Topic,Paper ID,Title,Authors,First Author,URL,Citations,Published
"3D Compression","2311.17245","LightGaussian: Unbounded 3D Gaussian Compression with 15x Reduction and 200+ FPS","Zhiwen Fan, Kevin Wang, Kairun Wen, Zehao Zhu, Dejia Xu, Zhangyang Wang","Zhiwen Fan","http://arxiv.org/abs/2311.17245",456,"2023-11-28"
"3D Compression","2311.13681","Compact 3D Gaussian Representation for Radiance Field","Joo Chan Lee, Daniel Rho, Xiangyu Sun, Jong Hwan Ko, Eunbyung Park","Joo Chan Lee","http://arxiv.org/abs/2311.13681",385,"2023-11-22"
"3D Compression","2312.00732","Gaussian Grouping: Segment and Edit Anything in 3D Scenes","Mingqiao Ye, Martin Danelljan, Fisher Yu, Lei Ke","Mingqiao Ye","http://arxiv.org/abs/2312.00732",357,"2023-12-01"
"3D Compression","2011.03799","Multiscale Point Cloud Geometry Compression","Jianqiang Wang, Dandan Ding, Zhu Li, Zhan Ma","Jianqiang Wang","http://arxiv.org/abs/2011.03799",237,"2020-11-07"
"3D Compression","2401.02436","Compressed 3D Gaussian Splatting for Accelerated Novel View Synthesis","Simon Niedermayr, Josef Stumpfegger, Rüdiger Westermann","Simon Niedermayr","http://arxiv.org/abs/2401.02436",236,"2023-11-17"
"3D Compression","2403.14530","HAC: Hash-grid Assisted Context for 3D Gaussian Splatting Compression","Yihang Chen, Qianyi Wu, Weiyao Lin, Mehrtash Harandi, Jianfei Cai","Yihang Chen","http://arxiv.org/abs/2403.14530",200,"2024-03-21"
"3D Compression","2005.07178","OctSqueeze: Octree-Structured Entropy Model for LiDAR Compression","Lila Huang, Shenlong Wang, Kelvin Wong, Jerry Liu, Raquel Urtasun","Lila Huang","http://arxiv.org/abs/2005.07178",194,"2020-05-14"
"3D Compression","2011.12688","Reduced Reference Perceptual Quality Model and Application to Rate Control for 3D Point Cloud Compression","Qi Liu, Hui Yuan, Raouf Hamzaoui, Honglei Su, Junhui Hou, Huan Yang","Qi Liu","http://arxiv.org/abs/2011.12688",185,"2020-11-25"
"3D Compression","2105.02158","VoxelContext-Net: An Octree based Framework for Point Cloud Compression","Zizheng Que, Guo Lu, Dong Xu","Zizheng Que","http://arxiv.org/abs/2105.02158",171,"2021-05-05"
"3D Compression","2107.04004","3D Neural Scene Representations for Visuomotor Control","Yunzhu Li, Shuang Li, Vincent Sitzmann, Pulkit Agrawal, Antonio Torralba","Yunzhu Li","http://arxiv.org/abs/2107.04004",156,"2021-07-08"
"3D Compression","2002.03370","A Unified End-to-End Framework for Efficient Deep Image Compression","Jiaheng Liu, Guo Lu, Zhihao Hu, Dong Xu","Jiaheng Liu","http://arxiv.org/abs/2002.03370",127,"2020-02-09"
"3D Compression","2301.08247","Multiview Compressive Coding for 3D Reconstruction","Chao-Yuan Wu, Justin Johnson, Jitendra Malik, Christoph Feichtenhofer, Georgia Gkioxari","Chao-Yuan Wu","http://arxiv.org/abs/2301.08247",94,"2023-01-19"
"3D Compression","2004.00329","Compressed Volumetric Heatmaps for Multi-Person 3D Pose Estimation","Matteo Fabbri, Fabio Lanzi, Simone Calderara, Stefano Alletto, Rita Cucchiara","Matteo Fabbri","http://arxiv.org/abs/2004.00329",86,"2020-04-01"
"3D Compression","2407.09510","3DGS.zip: A survey on 3D Gaussian Splatting Compression Methods","Milena T. Bagdasarian, Paul Knoll, Yi-Hsin Li, Florian Barthel, Anna Hilsmann, Peter Eisert, Wieland Morgenstern","Milena T. Bagdasarian","http://arxiv.org/abs/2407.09510",57,"2024-06-17"
"3D Compression","2207.12554","Inter-Frame Compression for Dynamic Point Cloud Geometry Coding","Anique Akhtar, Zhu Li, Geert Van der Auwera","Anique Akhtar","http://arxiv.org/abs/2207.12554",54,"2022-07-25"
"3D Compression","2002.04439","Folding-based compression of point cloud attributes","Maurice Quach, Giuseppe Valenzise, Frederic Dufaux","Maurice Quach","http://arxiv.org/abs/2002.04439",54,"2020-02-11"
"3D Compression","2008.06972","Real-Time Spatio-Temporal LiDAR Point Cloud Compression","Yu Feng, Shaoshan Liu, Yuhao Zhu","Yu Feng","http://arxiv.org/abs/2008.06972",52,"2020-08-16"
"MLLM","2306.13394","MME: A Comprehensive Evaluation Benchmark for Multimodal Large Language Models","Chaoyou Fu, Peixian Chen, Yunhang Shen, Yulei Qin, Mengdan Zhang, Xu Lin, Jinrui Yang, Xiawu Zheng, Ke Li, Xing Sun, Yunsheng Wu, Rongrong Ji, Caifeng Shan, Ran He","Chaoyou Fu","http://arxiv.org/abs/2306.13394",1347,"2023-06-23"
"MLLM","2306.13549","A Survey on Multimodal Large Language Models","Shukang Yin, Chaoyou Fu, Sirui Zhao, Ke Li, Xing Sun, Tong Xu, Enhong Chen","Shukang Yin","http://arxiv.org/abs/2306.13549",1125,"2023-06-23"
"MLLM","2408.01800","MiniCPM-V: A GPT-4V Level MLLM on Your Phone","Yuan Yao, Tianyu Yu, Ao Zhang, Chongyi Wang, Junbo Cui, Hongji Zhu, Tianchi Cai, Haoyu Li, Weilin Zhao, Zhihui He, Qianyu Chen, Huarong Zhou, Zhensheng Zou, Haoye Zhang, Shengding Hu, Zhi Zheng, Jie Zhou, Jie Cai, Xu Han, Guoyang Zeng, Dahai Li, Zhiyuan Liu, Maosong Sun","Yuan Yao","http://arxiv.org/abs/2408.01800",967,"2024-08-03"
"MLLM","2312.14135","V*: Guided Visual Search as a Core Mechanism in Multimodal LLMs","Penghao Wu, Saining Xie","Penghao Wu","http://arxiv.org/abs/2312.14135",375,"2023-12-21"
"MLLM","2312.00849","RLHF-V: Towards Trustworthy MLLMs via Behavior Alignment from Fine-grained Correctional Human Feedback","Tianyu Yu, Yuan Yao, Haoye Zhang, Taiwen He, Yifeng Han, Ganqu Cui, Jinyi Hu, Zhiyuan Liu, Hai-Tao Zheng, Maosong Sun, Tat-Seng Chua","Tianyu Yu","http://arxiv.org/abs/2312.00849",376,"2023-12-01"
"MLLM","2402.04788","MLLM-as-a-Judge: Assessing Multimodal LLM-as-a-Judge with Vision-Language Benchmark","Dongping Chen, Ruoxi Chen, Shilin Zhang, Yinuo Liu, Yaochen Wang, Huichi Zhou, Qihui Zhang, Yao Wan, Pan Zhou, Lichao Sun","Dongping Chen","http://arxiv.org/abs/2402.04788",295,"2024-02-07"
"MLLM","2503.21776","Video-R1: Reinforcing Video Reasoning in MLLMs","Kaituo Feng, Kaixiong Gong, Bohao Li, Zonghao Guo, Yibing Wang, Tianshuo Peng, Junfei Wu, Xiaoying Zhang, Benyou Wang, Xiangyu Yue","Kaituo Feng","http://arxiv.org/abs/2503.21776",277,"2025-03-27"
"MLLM","2401.16822","EarthGPT: A Universal Multi-modal Large Language Model for Multi-sensor Image Comprehension in Remote Sensing Domain","Wei Zhang, Miaoxin Cai, Tong Zhang, Yin Zhuang, Xuerui Mao","Wei Zhang","http://arxiv.org/abs/2401.16822",242,"2024-01-30"
"MLLM","2309.17102","Guiding Instruction-based Image Editing via Multimodal Large Language Models","Tsu-Jui Fu, Wenze Hu, Xianzhi Du, William Yang Wang, Yinfei Yang, Zhe Gan","Tsu-Jui Fu","http://arxiv.org/abs/2309.17102",160,"2023-09-29"
"MLLM","2406.19280","HuatuoGPT-Vision, Towards Injecting Medical Visual Knowledge into Multimodal LLMs at Scale","Junying Chen, Chi Gui, Ruyi Ouyang, Anningzhe Gao, Shunian Chen, Guiming Hardy Chen, Xidong Wang, Ruifei Zhang, Zhenyang Cai, Ke Ji, Guangjun Yu, Xiang Wan, Benyou Wang","Junying Chen","http://arxiv.org/abs/2406.19280",156,"2024-06-27"
"MLLM","2401.06805","Exploring the Reasoning Abilities of Multimodal Large Language Models (MLLMs): A Comprehensive Survey on Emerging Trends in Multimodal Reasoning","Yiqi Wang, Wentao Chen, Xiaotian Han, Xudong Lin, Haiteng Zhao, Yongfei Liu, Bohan Zhai, Jianbo Yuan, Quanzeng You, Hongxia Yang","Yiqi Wang","http://arxiv.org/abs/2401.06805",155,"2024-01-10"
"MLLM","2504.06256","Transfer between Modalities with MetaQueries","Xichen Pan, Satya Narayan Shukla, Aashu Singh, Zhuokai Zhao, Shlok Kumar Mishra, Jialiang Wang, Zhiyang Xu, Jiuhai Chen, Kunpeng Li, Felix Juefei-Xu, Ji Hou, Saining Xie","Xichen Pan","http://arxiv.org/abs/2504.06256",151,"2025-04-08"
"MLLM","2501.01957","VITA-1.5: Towards GPT-4o Level Real-Time Vision and Speech Interaction","Chaoyou Fu, Haojia Lin, Xiong Wang, Yi-Fan Zhang, Yunhang Shen, Xiaoyu Liu, Haoyu Cao, Zuwei Long, Heting Gao, Ke Li, Long Ma, Xiawu Zheng, Rongrong Ji, Xing Sun, Caifeng Shan, Ran He","Chaoyou Fu","http://arxiv.org/abs/2501.01957",148,"2025-01-03"
"MLLM","2409.12961","Oryx MLLM: On-Demand Spatial-Temporal Understanding at Arbitrary Resolution","Zuyan Liu, Yuhao Dong, Ziwei Liu, Winston Hu, Jiwen Lu, Yongming Rao","Zuyan Liu","http://arxiv.org/abs/2409.12961",142,"2024-09-19"
"MLLM","2402.02544","LHRS-Bot: Empowering Remote Sensing with VGI-Enhanced Large Multimodal Language Model","Dilxat Muhtar, Zhenshi Li, Feng Gu, Xueliang Zhang, Pengfeng Xiao","Dilxat Muhtar","http://arxiv.org/abs/2402.02544",138,"2024-02-04"
"MLLM","2310.05126","UReader: Universal OCR-free Visually-situated Language Understanding with Multimodal Large Language Model","Jiabo Ye, Anwen Hu, Haiyang Xu, Qinghao Ye, Ming Yan, Guohai Xu, Chenliang Li, Junfeng Tian, Qi Qian, Ji Zhang, Qin Jin, Liang He, Xin Alex Lin, Fei Huang","Jiabo Ye","http://arxiv.org/abs/2310.05126",136,"2023-10-08"
"MLLM","2501.12386","InternVideo2.5: Empowering Video MLLMs with Long and Rich Context Modeling","Yi Wang, Xinhao Li, Ziang Yan, Yinan He, Jiashuo Yu, Xiangyu Zeng, Chenting Wang, Changlian Ma, Haian Huang, Jianfei Gao, Min Dou, Kai Chen, Wenhai Wang, Yu Qiao, Yali Wang, Limin Wang","Yi Wang","http://arxiv.org/abs/2501.12386",137,"2025-01-21"
"MLLM","2406.08394","VisionLLM v2: An End-to-End Generalist Multimodal Large Language Model for Hundreds of Vision-Language Tasks","Jiannan Wu, Muyan Zhong, Sen Xing, Zeqiang Lai, Zhaoyang Liu, Zhe Chen, Wenhai Wang, Xizhou Zhu, Lewei Lu, Tong Lu, Ping Luo, Yu Qiao, Jifeng Dai","Jiannan Wu","http://arxiv.org/abs/2406.08394",135,"2024-06-12"
"MLLM","2405.20797","Ovis: Structural Embedding Alignment for Multimodal Large Language Model","Shiyin Lu, Yang Li, Qing-Guo Chen, Zhao Xu, Weihua Luo, Kaifu Zhang, Han-Jia Ye","Shiyin Lu","http://arxiv.org/abs/2405.20797",134,"2024-05-31"
"MLLM","2402.11530","Efficient Multimodal Learning from Data-centric Perspective","Muyang He, Yexin Liu, Boya Wu, Jianhao Yuan, Yueze Wang, Tiejun Huang, Bo Zhao","Muyang He","http://arxiv.org/abs/2402.11530",132,"2024-02-18"
"MLLM","2309.10313","Investigating the Catastrophic Forgetting in Multimodal Large Language Models","Yuexiang Zhai, Shengbang Tong, Xiao Li, Mu Cai, Qing Qu, Yong Jae Lee, Yi Ma","Yuexiang Zhai","http://arxiv.org/abs/2309.10313",126,"2023-09-19"
"MLLM","2312.06968","Hallucination Augmented Contrastive Learning for Multimodal Large Language Model","Chaoya Jiang, Haiyang Xu, Mengfan Dong, Jiaxing Chen, Wei Ye, Ming Yan, Qinghao Ye, Ji Zhang, Fei Huang, Shikun Zhang","Chaoya Jiang","http://arxiv.org/abs/2312.06968",128,"2023-12-12"
"MLLM","2408.15998","Eagle: Exploring The Design Space for Multimodal LLMs with Mixture of Encoders","Min Shi, Fuxiao Liu, Shihao Wang, Shijia Liao, Subhashree Radhakrishnan, Yilin Zhao, De-An Huang, Hongxu Yin, Karan Sapra, Yaser Yacoob, Humphrey Shi, Bryan Catanzaro, Andrew Tao, Jan Kautz, Zhiding Yu, Guilin Liu","Min Shi","http://arxiv.org/abs/2408.15998",119,"2024-08-28"
"MLLM","2404.16790","SEED-Bench-2-Plus: Benchmarking Multimodal Large Language Models with Text-Rich Visual Comprehension","Bohao Li, Yuying Ge, Yi Chen, Yixiao Ge, Ruimao Zhang, Ying Shan","Bohao Li","http://arxiv.org/abs/2404.16790",118,"2024-04-25"
"MLLM","2404.00578","M3D: Advancing 3D Medical Image Analysis with Multi-Modal Large Language Models","Fan Bai, Yuxin Du, Tiejun Huang, Max Q. -H. Meng, Bo Zhao","Fan Bai","http://arxiv.org/abs/2404.00578",116,"2024-03-31"
"MLLM","2403.14520","Cobra: Extending Mamba to Multi-Modal Large Language Model for Efficient Inference","Han Zhao, Min Zhang, Wei Zhao, Pengxiang Ding, Siteng Huang, Donglin Wang","Han Zhao","http://arxiv.org/abs/2403.14520",115,"2024-03-21"
"MLLM","2401.02906","MLLM-Protector: Ensuring MLLM's Safety without Hurting Performance","Renjie Pi, Tianyang Han, Jianshu Zhang, Yueqi Xie, Rui Pan, Qing Lian, Hanze Dong, Jipeng Zhang, Tong Zhang","Renjie Pi","http://arxiv.org/abs/2401.02906",114,"2024-01-05"
"MLLM","2403.09572","Eyes Closed, Safety On: Protecting Multimodal LLMs via Image-to-Text Transformation","Yunhao Gou, Kai Chen, Zhili Liu, Lanqing Hong, Hang Xu, Zhenguo Li, Dit-Yan Yeung, James T. Kwok, Yu Zhang","Yunhao Gou","http://arxiv.org/abs/2403.09572",113,"2024-03-14"
"MLLM","2412.18319","Mulberry: Empowering MLLM with o1-like Reasoning and Reflection via Collective Monte Carlo Tree Search","Huanjin Yao, Jiaxing Huang, Wenhao Wu, Jingyi Zhang, Yibo Wang, Shunyu Liu, Yingjie Wang, Yuxin Song, Haocheng Feng, Li Shen, Dacheng Tao","Huanjin Yao","http://arxiv.org/abs/2412.18319",111,"2024-12-24"
"MLLM","2403.09513","AdaShield: Safeguarding Multimodal Large Language Models from Structure-based Attack via Adaptive Shield Prompting","Yu Wang, Xiaogeng Liu, Yu Li, Muhao Chen, Chaowei Xiao","Yu Wang","http://arxiv.org/abs/2403.09513",110,"2024-03-14"
"MLLM","2501.05444","Can MLLMs Reason in Multimodality? EMMA: An Enhanced MultiModal ReAsoning Benchmark","Yunzhuo Hao, Jiawei Gu, Huichen Will Wang, Linjie Li, Zhengyuan Yang, Lijuan Wang, Yu Cheng","Yunzhuo Hao","http://arxiv.org/abs/2501.05444",106,"2025-01-09"
"MLLM","2403.03003","Feast Your Eyes: Mixture-of-Resolution Adaptation for Multimodal Large Language Models","Gen Luo, Yiyi Zhou, Yuxin Zhang, Xiawu Zheng, Xiaoshuai Sun, Rongrong Ji","Gen Luo","http://arxiv.org/abs/2403.03003",105,"2024-03-05"
"MLLM","2305.01278","VPGTrans: Transfer Visual Prompt Generator across LLMs","Ao Zhang, Hao Fei, Yuan Yao, Wei Ji, Li Li, Zhiyuan Liu, Tat-Seng Chua","Ao Zhang","http://arxiv.org/abs/2305.01278",103,"2023-05-02"
"MLLM","2502.17422","MLLMs Know Where to Look: Training-free Perception of Small Visual Details with Multimodal LLMs","Jiarui Zhang, Mahyar Khayatkhoei, Prateek Chhikara, Filip Ilievski","Jiarui Zhang","http://arxiv.org/abs/2502.17422",99,"2025-02-24"
"MLLM","2401.10529","Mementos: A Comprehensive Benchmark for Multimodal Large Language Model Reasoning over Image Sequences","Xiyao Wang, Yuhang Zhou, Xiaoyu Liu, Hongjin Lu, Yuancheng Xu, Feihong He, Jaehong Yoon, Taixi Lu, Gedas Bertasius, Mohit Bansal, Huaxiu Yao, Furong Huang","Xiyao Wang","http://arxiv.org/abs/2401.10529",98,"2024-01-19"
"MLLM","2408.01319","A Comprehensive Review of Multimodal Large Language Models: Performance and Challenges Across Different Tasks","Jiaqi Wang, Hanqi Jiang, Yiheng Liu, Chong Ma, Xu Zhang, Yi Pan, Mengyuan Liu, Peiran Gu, Sichen Xia, Wenjun Li, Yutong Zhang, Zihao Wu, Zhengliang Liu, Tianyang Zhong, Bao Ge, Tuo Zhang, Ning Qiang, Xintao Hu, Xi Jiang, Xin Zhang, Wei Zhang, Dinggang Shen, Tianming Liu, Shu Zhang","Jiaqi Wang","http://arxiv.org/abs/2408.01319",97,"2024-08-02"
"MLLM","2411.02571","MM-Embed: Universal Multimodal Retrieval with Multimodal LLMs","Sheng-Chieh Lin, Chankyu Lee, Mohammad Shoeybi, Jimmy Lin, Bryan Catanzaro, Wei Ping","Sheng-Chieh Lin","http://arxiv.org/abs/2411.02571",97,"2024-11-04"
"MLLM","2403.20271","Draw-and-Understand: Leveraging Visual Prompts to Enable MLLMs to Comprehend What You Want","Weifeng Lin, Xinyu Wei, Ruichuan An, Peng Gao, Bocheng Zou, Yulin Luo, Siyuan Huang, Shanghang Zhang, Hongsheng Li","Weifeng Lin","http://arxiv.org/abs/2403.20271",93,"2024-03-29"
"MLLM","2408.15556","Divide, Conquer and Combine: A Training-Free Framework for High-Resolution Image Perception in Multimodal Large Language Models","Wenbin Wang, Liang Ding, Minyan Zeng, Xiabin Zhou, Li Shen, Yong Luo, Dacheng Tao","Wenbin Wang","http://arxiv.org/abs/2408.15556",93,"2024-08-28"
"MLLM","2405.10739","Efficient Multimodal Large Language Models: A Survey","Yizhang Jin, Jian Li, Yexin Liu, Tianjun Gu, Kai Wu, Zhengkai Jiang, Muyang He, Bo Zhao, Xin Tan, Zhenye Gan, Yabiao Wang, Chengjie Wang, Lizhuang Ma","Yizhang Jin","http://arxiv.org/abs/2405.10739",93,"2024-05-17"
"MLLM","2505.23747","Spatial-MLLM: Boosting MLLM Capabilities in Visual-based Spatial Intelligence","Diankun Wu, Fangfu Liu, Yi-Hsin Hung, Yueqi Duan","Diankun Wu","http://arxiv.org/abs/2505.23747",92,"2025-05-29"
"MLLM","2401.16160","LLaVA-MoLE: Sparse Mixture of LoRA Experts for Mitigating Data Conflicts in Instruction Finetuning MLLMs","Shaoxiang Chen, Zequn Jie, Lin Ma","Shaoxiang Chen","http://arxiv.org/abs/2401.16160",89,"2024-01-29"
"MLLM","2311.17092","SEED-Bench-2: Benchmarking Multimodal Large Language Models","Bohao Li, Yuying Ge, Yixiao Ge, Guangzhi Wang, Rui Wang, Ruimao Zhang, Ying Shan","Bohao Li","http://arxiv.org/abs/2311.17092",88,"2023-11-28"
"MLLM","2311.11860","LION : Empowering Multimodal Large Language Model with Dual-Level Visual Knowledge","Gongwei Chen, Leyang Shen, Rui Shao, Xiang Deng, Liqiang Nie","Gongwei Chen","http://arxiv.org/abs/2311.11860",86,"2023-11-20"
"MLLM","2411.02359","DeeR-VLA: Dynamic Inference of Multimodal Large Language Models for Efficient Robot Execution","Yang Yue, Yulin Wang, Bingyi Kang, Yizeng Han, Shenzhi Wang, Shiji Song, Jiashi Feng, Gao Huang","Yang Yue","http://arxiv.org/abs/2411.02359",85,"2024-11-04"
"MLLM","2411.17558","Natural Language Understanding and Inference with MLLM in Visual Question Answering: A Survey","Jiayi Kuang, Jingyou Xie, Haohao Luo, Ronghao Li, Zhe Xu, Xianfeng Cheng, Yinghui Li, Xika Lin, Ying Shen","Jiayi Kuang","http://arxiv.org/abs/2411.17558",80,"2024-11-26"
"MLLM","2402.16846","GROUNDHOG: Grounding Large Language Models to Holistic Segmentation","Yichi Zhang, Ziqiao Ma, Xiaofeng Gao, Suhaila Shakiah, Qiaozi Gao, Joyce Chai","Yichi Zhang","http://arxiv.org/abs/2402.16846",80,"2024-02-26"
"MLLM","2311.09127","Jailbreaking GPT-4V via Self-Adversarial Attacks with System Prompts","Yuanwei Wu, Xiang Li, Yixin Liu, Pan Zhou, Lichao Sun","Yuanwei Wu","http://arxiv.org/abs/2311.09127",78,"2023-11-15"
"MLLM","2410.19702","TimeSuite: Improving MLLMs for Long Video Understanding via Grounded Tuning","Xiangyu Zeng, Kunchang Li, Chenting Wang, Xinhao Li, Tianxiang Jiang, Ziang Yan, Songze Li, Yansong Shi, Zhengrong Yue, Yi Wang, Yali Wang, Yu Qiao, Limin Wang","Xiangyu Zeng","http://arxiv.org/abs/2410.19702",74,"2024-10-25"
"MLLM","2404.14047","An empirical study of LLaMA3 quantization: from LLMs to MLLMs","Wei Huang, Xingyu Zheng, Xudong Ma, Haotong Qin, Chengtao Lv, Hong Chen, Jie Luo, Xiaojuan Qi, Xianglong Liu, Michele Magno","Wei Huang","http://arxiv.org/abs/2404.14047",74,"2024-04-22"
"MLLM","2409.10197","Fit and Prune: Fast and Training-free Visual Token Pruning for Multi-modal Large Language Models","Weihao Ye, Qiong Wu, Wenhao Lin, Yiyi Zhou","Weihao Ye","http://arxiv.org/abs/2409.10197",72,"2024-09-16"
"MLLM","2312.02980","GPT4Point: A Unified Framework for Point-Language Understanding and Generation","Zhangyang Qi, Ye Fang, Zeyi Sun, Xiaoyang Wu, Tong Wu, Jiaqi Wang, Dahua Lin, Hengshuang Zhao","Zhangyang Qi","http://arxiv.org/abs/2312.02980",70,"2023-12-05"
"MLLM","2404.18532","MileBench: Benchmarking MLLMs in Long Context","Dingjie Song, Shunian Chen, Guiming Hardy Chen, Fei Yu, Xiang Wan, Benyou Wang","Dingjie Song","http://arxiv.org/abs/2404.18532",65,"2024-04-29"
"MLLM","2505.15879","GRIT: Teaching MLLMs to Think with Images","Yue Fan, Xuehai He, Diji Yang, Kaizhi Zheng, Ching-Chen Kuo, Yuting Zheng, Sravana Jyothi Narayanaraju, Xinze Guan, Xin Eric Wang","Yue Fan","http://arxiv.org/abs/2505.15879",65,"2025-05-21"
"MLLM","2312.12436","A Challenger to GPT-4V? Early Explorations of Gemini in Visual Expertise","Chaoyou Fu, Renrui Zhang, Zihan Wang, Yubo Huang, Zhengye Zhang, Longtian Qiu, Gaoxiang Ye, Yunhang Shen, Mengdan Zhang, Peixian Chen, Sirui Zhao, Shaohui Lin, Deqiang Jiang, Di Yin, Peng Gao, Ke Li, Hongsheng Li, Xing Sun","Chaoyou Fu","http://arxiv.org/abs/2312.12436",65,"2023-12-19"
"MLLM","2409.10542","SAM4MLLM: Enhance Multi-Modal Large Language Model for Referring Expression Segmentation","Yi-Chia Chen, Wei-Hua Li, Cheng Sun, Yu-Chiang Frank Wang, Chu-Song Chen","Yi-Chia Chen","http://arxiv.org/abs/2409.10542",64,"2024-09-01"
"MLLM","2410.11779","MLLM can see? Dynamic Correction Decoding for Hallucination Mitigation","Chenxi Wang, Xiang Chen, Ningyu Zhang, Bozhong Tian, Haoming Xu, Shumin Deng, Huajun Chen","Chenxi Wang","http://arxiv.org/abs/2410.11779",62,"2024-10-15"
"MLLM","2501.01904","Virgo: A Preliminary Exploration on Reproducing o1-like MLLM","Yifan Du, Zikang Liu, Yifan Li, Wayne Xin Zhao, Yuqi Huo, Bingning Wang, Weipeng Chen, Zheng Liu, Zhongyuan Wang, Ji-Rong Wen","Yifan Du","http://arxiv.org/abs/2501.01904",61,"2025-01-03"
"MLLM","2405.04940","Harnessing the Power of MLLMs for Transferable Text-to-Image Person ReID","Wentao Tan, Changxing Ding, Jiayu Jiang, Fei Wang, Yibing Zhan, Dapeng Tao","Wentao Tan","http://arxiv.org/abs/2405.04940",61,"2024-05-08"
"MLLM","2309.05186","HiLM-D: Enhancing MLLMs with Multi-Scale High-Resolution Details for Autonomous Driving","Xinpeng Ding, Jianhua Han, Hang Xu, Wei Zhang, Xiaomeng Li","Xinpeng Ding","http://arxiv.org/abs/2309.05186",59,"2023-09-11"
"MLLM","2411.15296","MME-Survey: A Comprehensive Survey on Evaluation of Multimodal LLMs","Chaoyou Fu, Yi-Fan Zhang, Shukang Yin, Bo Li, Xinyu Fang, Sirui Zhao, Haodong Duan, Xing Sun, Ziwei Liu, Liang Wang, Caifeng Shan, Ran He","Chaoyou Fu","http://arxiv.org/abs/2411.15296",59,"2024-11-22"
"MLLM","2408.09698","Harnessing Multimodal Large Language Models for Multimodal Sequential Recommendation","Yuyang Ye, Zhi Zheng, Yishan Shen, Tianshu Wang, Hengruo Zhang, Peijun Zhu, Runlong Yu, Kai Zhang, Hui Xiong","Yuyang Ye","http://arxiv.org/abs/2408.09698",59,"2024-08-19"
"MLLM","2407.08303","DenseFusion-1M: Merging Vision Experts for Comprehensive Multimodal Perception","Xiaotong Li, Fan Zhang, Haiwen Diao, Yueze Wang, Xinlong Wang, Ling-Yu Duan","Xiaotong Li","http://arxiv.org/abs/2407.08303",57,"2024-07-11"
"MLLM","2310.02071","Towards End-to-End Embodied Decision Making via Multi-modal Large Language Model: Explorations with GPT4-Vision and Beyond","Liang Chen, Yichi Zhang, Shuhuai Ren, Haozhe Zhao, Zefan Cai, Yuchi Wang, Peiyi Wang, Tianyu Liu, Baobao Chang","Liang Chen","http://arxiv.org/abs/2310.02071",55,"2023-10-03"
"MLLM","2404.16033","Cantor: Inspiring Multimodal Chain-of-Thought of MLLM","Timin Gao, Peixian Chen, Mengdan Zhang, Chaoyou Fu, Yunhang Shen, Yan Zhang, Shengchuan Zhang, Xiawu Zheng, Xing Sun, Liujuan Cao, Rongrong Ji","Timin Gao","http://arxiv.org/abs/2404.16033",54,"2024-04-24"
"MLLM","2411.03628","StreamingBench: Assessing the Gap for MLLMs to Achieve Streaming Video Understanding","Junming Lin, Zheng Fang, Chi Chen, Zihao Wan, Fuwen Luo, Peng Li, Yang Liu, Maosong Sun","Junming Lin","http://arxiv.org/abs/2411.03628",53,"2024-11-06"
"MLLM","2403.12488","DetToolChain: A New Prompting Paradigm to Unleash Detection Ability of MLLM","Yixuan Wu, Yizhou Wang, Shixiang Tang, Wenhao Wu, Tong He, Wanli Ouyang, Philip Torr, Jian Wu","Yixuan Wu","http://arxiv.org/abs/2403.12488",52,"2024-03-19"
"MLLM","2504.01805","SpaceR: Reinforcing MLLMs in Video Spatial Reasoning","Kun Ouyang, Yuanxin Liu, Haoning Wu, Yi Liu, Hao Zhou, Jie Zhou, Fandong Meng, Xu Sun","Kun Ouyang","http://arxiv.org/abs/2504.01805",52,"2025-04-02"
"MLLM","2312.14233","VCoder: Versatile Vision Encoders for Multimodal Large Language Models","Jitesh Jain, Jianwei Yang, Humphrey Shi","Jitesh Jain","http://arxiv.org/abs/2312.14233",50,"2023-12-21"
"Neural Compression","2210.13438","High Fidelity Neural Audio Compression","Alexandre Défossez, Jade Copet, Gabriel Synnaeve, Yossi Adi","Alexandre Défossez","http://arxiv.org/abs/2210.13438",1057,"2022-10-24"
"Neural Compression","2206.07697","MACE: Higher Order Equivariant Message Passing Neural Networks for Fast and Accurate Force Fields","Ilyes Batatia, Dávid Péter Kovács, Gregor N. C. Simm, Christoph Ortner, Gábor Csányi","Ilyes Batatia","http://arxiv.org/abs/2206.07697",842,"2022-06-15"
"Neural Compression","2006.05467","Pruning neural networks without any data by iteratively conserving synaptic flow","Hidenori Tanaka, Daniel Kunin, Daniel L. K. Yamins, Surya Ganguli","Hidenori Tanaka","http://arxiv.org/abs/2006.05467",785,"2020-06-09"
"Neural Compression","2009.04544","Self-Adaptive Physics-Informed Neural Networks using a Soft Attention Mechanism","Levi McClenny, Ulisses Braga-Neto","Levi McClenny","http://arxiv.org/abs/2009.04544",621,"2020-09-07"
"Neural Compression","2106.07998","Revisiting the Calibration of Modern Neural Networks","Matthias Minderer, Josip Djolonga, Rob Romijnders, Frances Hubis, Xiaohua Zhai, Neil Houlsby, Dustin Tran, Mario Lucic","Matthias Minderer","http://arxiv.org/abs/2106.07998",474,"2021-06-15"
"Neural Compression","2202.03376","Message Passing Neural PDE Solvers","Johannes Brandstetter, Daniel Worrall, Max Welling","Johannes Brandstetter","http://arxiv.org/abs/2202.03376",394,"2022-02-07"
"Neural Compression","2011.10379","Neural Scene Graphs for Dynamic Scenes","Julian Ost, Fahim Mannan, Nils Thuerey, Julian Knodt, Felix Heide","Julian Ost","http://arxiv.org/abs/2011.10379",378,"2020-11-20"
"Neural Compression","2103.02597","Neural 3D Video Synthesis from Multi-view Video","Tianye Li, Mira Slavcheva, Michael Zollhoefer, Simon Green, Christoph Lassner, Changil Kim, Tanner Schmidt, Steven Lovegrove, Michael Goesele, Richard Newcombe, Zhaoyang Lv","Tianye Li","http://arxiv.org/abs/2103.02597",359,"2021-03-03"
"Neural Compression","2103.03123","COIN: COmpression with Implicit Neural representations","Emilien Dupont, Adam Goliński, Milad Alizadeh, Yee Whye Teh, Arnaud Doucet","Emilien Dupont","http://arxiv.org/abs/2103.03123",293,"2021-03-03"
"Neural Compression","2302.14402","Neural Video Compression with Diverse Contexts","Jiahao Li, Bin Li, Yan Lu","Jiahao Li","http://arxiv.org/abs/2302.14402",258,"2023-02-28"
"Neural Compression","2110.14373","Neural-PIL: Neural Pre-Integrated Lighting for Reflectance Decomposition","Mark Boss, Varun Jampani, Raphael Braun, Ce Liu, Jonathan T. Barron, Hendrik P. A. Lensch","Mark Boss","http://arxiv.org/abs/2110.14373",249,"2021-10-27"
"Neural Compression","2207.05894","Hybrid Spatial-Temporal Entropy Modelling for Neural Video Compression","Jiahao Li, Bin Li, Yan Lu","Jiahao Li","http://arxiv.org/abs/2207.05894",228,"2022-07-13"
"Neural Compression","2003.04547","3D Quasi-Recurrent Neural Network for Hyperspectral Image Denoising","Kaixuan Wei, Ying Fu, Hua Huang","Kaixuan Wei","http://arxiv.org/abs/2003.04547",212,"2020-03-10"
"Neural Compression","2112.04267","Implicit Neural Representations for Image Compression","Yannick Strümpler, Janis Postels, Ren Yang, Luc van Gool, Federico Tombari","Yannick Strümpler","http://arxiv.org/abs/2112.04267",202,"2021-12-08"
"Neural Compression","2002.03711","Learning End-to-End Lossy Image Compression: A Benchmark","Yueyu Hu, Wenhan Yang, Zhan Ma, Jiaying Liu","Yueyu Hu","http://arxiv.org/abs/2002.03711",191,"2020-02-10"
"Neural Compression","2307.12306","Tackling the Curse of Dimensionality with Physics-Informed Neural Networks","Zheyuan Hu, Khemraj Shukla, George Em Karniadakis, Kenji Kawaguchi","Zheyuan Hu","http://arxiv.org/abs/2307.12306",191,"2023-07-23"
"Neural Compression","2110.14513","Neural Analysis and Synthesis: Reconstructing Speech from Self-Supervised Representations","Hyeong-Seok Choi, Juheon Lee, Wansoo Kim, Jie Hwan Lee, Hoon Heo, Kyogu Lee","Hyeong-Seok Choi","http://arxiv.org/abs/2110.14513",184,"2021-10-27"
"Neural Compression","2111.06283","DropGNN: Random Dropouts Increase the Expressiveness of Graph Neural Networks","Pál András Papp, Karolis Martinkus, Lukas Faber, Roger Wattenhofer","Pál András Papp","http://arxiv.org/abs/2111.06283",167,"2021-11-11"
"Neural Compression","2005.05859","Neural Architecture Transfer","Zhichao Lu, Gautam Sreekumar, Erik Goodman, Wolfgang Banzhaf, Kalyanmoy Deb, Vishnu Naresh Boddeti","Zhichao Lu","http://arxiv.org/abs/2005.05859",165,"2020-05-12"
"Neural Compression","2008.05441","Stable Low-rank Tensor Decomposition for Compression of Convolutional Neural Network","Anh-Huy Phan, Konstantin Sobolev, Konstantin Sozykin, Dmitry Ermilov, Julia Gusak, Petr Tichavsky, Valeriy Glukhov, Ivan Oseledets, Andrzej Cichocki","Anh-Huy Phan","http://arxiv.org/abs/2008.05441",160,"2020-08-12"
"Neural Compression","2009.13055","Rotated Binary Neural Network","Mingbao Lin, Rongrong Ji, Zihan Xu, Baochang Zhang, Yan Wang, Yongjian Wu, Feiyue Huang, Chia-Wen Lin","Mingbao Lin","http://arxiv.org/abs/2009.13055",153,"2020-09-28"
"Neural Compression","2202.06533","An Introduction to Neural Data Compression","Yibo Yang, Stephan Mandt, Lucas Theis","Yibo Yang","http://arxiv.org/abs/2202.06533",149,"2022-02-14"
"Neural Compression","2010.14075","Neural Network Approximation: Three Hidden Layers Are Enough","Zuowei Shen, Haizhao Yang, Shijun Zhang","Zuowei Shen","http://arxiv.org/abs/2010.14075",144,"2020-10-25"
"Neural Compression","2006.04240","Improving Inference for Neural Image Compression","Yibo Yang, Robert Bamler, Stephan Mandt","Yibo Yang","http://arxiv.org/abs/2006.04240",141,"2020-06-07"
"Neural Compression","2111.00053","Symbolic Regression via Neural-Guided Genetic Programming Population Seeding","T. Nathan Mundhenk, Mikel Landajuela, Ruben Glatt, Claudio P. Santiago, Daniel M. Faissol, Brenden K. Petersen","T. Nathan Mundhenk","http://arxiv.org/abs/2111.00053",123,"2021-10-29"
"Neural Compression","2201.12904","COIN++: Neural Compression Across Modalities","Emilien Dupont, Hrushikesh Loya, Milad Alizadeh, Adam Goliński, Yee Whye Teh, Arnaud Doucet","Emilien Dupont","http://arxiv.org/abs/2201.12904",123,"2022-01-30"
"Neural Compression","2103.07492","Continual Learning for Recurrent Neural Networks: an Empirical Evaluation","Andrea Cossu, Antonio Carta, Vincenzo Lomonaco, Davide Bacciu","Andrea Cossu","http://arxiv.org/abs/2103.07492",122,"2021-03-12"
"Neural Compression","2005.11138","TinyLSTMs: Efficient Neural Speech Enhancement for Hearing Aids","Igor Fedorov, Marko Stamenovic, Carl Jensen, Li-Chia Yang, Ari Mandell, Yiming Gan, Matthew Mattina, Paul N. Whatmough","Igor Fedorov","http://arxiv.org/abs/2005.11138",121,"2020-05-20"
"Neural Compression","2104.04523","Compressive Neural Representations of Volumetric Scalar Fields","Yuzhe Lu, Kairong Jiang, Joshua A. Levine, Matthew Berger","Yuzhe Lu","http://arxiv.org/abs/2104.04523",119,"2021-04-11"
"Neural Compression","2006.03669","An Overview of Neural Network Compression","James O' Neill","James O' Neill","http://arxiv.org/abs/2006.03669",118,"2020-06-05"
"Neural Compression","2108.12654","Self-supervised Neural Networks for Spectral Snapshot Compressive Imaging","Ziyi Meng, Zhenming Yu, Kun Xu, Xin Yuan","Ziyi Meng","http://arxiv.org/abs/2108.12654",110,"2021-08-28"
"Neural Compression","2001.04246","AdaBERT: Task-Adaptive BERT Compression with Differentiable Neural Architecture Search","Daoyuan Chen, Yaliang Li, Minghui Qiu, Zhen Wang, Bofang Li, Bolin Ding, Hongbo Deng, Jun Huang, Wei Lin, Jingren Zhou","Daoyuan Chen","http://arxiv.org/abs/2001.04246",108,"2020-01-13"
"Neural Compression","2010.03954","A Survey on Deep Neural Network Compression: Challenges, Overview, and Solutions","Rahul Mishra, Hari Prabhat Gupta, Tanima Dutta","Rahul Mishra","http://arxiv.org/abs/2010.03954",103,"2020-10-05"
"Neural Compression","2005.00615","A Dual-Dimer Method for Training Physics-Constrained Neural Networks with Minimax Architecture","Dehao Liu, Yan Wang","Dehao Liu","http://arxiv.org/abs/2005.00615",102,"2020-05-01"
"Neural Compression","2110.09443","Beltrami Flow and Neural Diffusion on Graphs","Benjamin Paul Chamberlain, James Rowbottom, Davide Eynard, Francesco Di Giovanni, Xiaowen Dong, Michael M Bronstein","Benjamin Paul Chamberlain","http://arxiv.org/abs/2110.09443",100,"2021-10-18"
"Neural Compression","2206.10177","TCJA-SNN: Temporal-Channel Joint Attention for Spiking Neural Networks","Rui-Jie Zhu, Malu Zhang, Qihang Zhao, Haoyu Deng, Yule Duan, Liang-Jian Deng","Rui-Jie Zhu","http://arxiv.org/abs/2206.10177",99,"2022-06-21"
"Neural Compression","2009.01174","Transform Quantization for CNN (Convolutional Neural Network) Compression","Sean I. Young, Wang Zhe, David Taubman, Bernd Girod","Sean I. Young","http://arxiv.org/abs/2009.01174",96,"2020-09-02"
"Neural Compression","2302.05071","EVC: Towards Real-Time Neural Image Compression with Mask Decay","Guo-Hua Wang, Jiahao Li, Bin Li, Yan Lu","Guo-Hua Wang","http://arxiv.org/abs/2302.05071",95,"2023-02-10"
"Neural Compression","2104.05168","Soft then Hard: Rethinking the Quantization in Neural Image Compression","Zongyu Guo, Zhizheng Zhang, Runsen Feng, Zhibo Chen","Zongyu Guo","http://arxiv.org/abs/2104.05168",93,"2021-04-12"
"Neural Compression","2105.14444","NAS-BERT: Task-Agnostic and Adaptive-Size BERT Compression with Neural Architecture Search","Jin Xu, Xu Tan, Renqian Luo, Kaitao Song, Jian Li, Tao Qin, Tie-Yan Liu","Jin Xu","http://arxiv.org/abs/2105.14444",92,"2021-05-30"
"Neural Compression","2004.12273","Reachable Set Estimation for Neural Network Control Systems: A Simulation-Guided Approach","Weiming Xiang, Hoang-Dung Tran, Xiaodong Yang, Taylor T. Johnson","Weiming Xiang","http://arxiv.org/abs/2004.12273",91,"2020-04-26"
"Neural Compression","2306.09818","HiNeRV: Video Compression with Hierarchical Encoding-based Neural Representation","Ho Man Kwan, Ge Gao, Fan Zhang, Andrew Gower, David Bull","Ho Man Kwan","http://arxiv.org/abs/2306.09818",88,"2023-06-16"
"Neural Compression","2105.02451","Learning Skeletal Articulations with Neural Blend Shapes","Peizhuo Li, Kfir Aberman, Rana Hanocka, Libin Liu, Olga Sorkine-Hornung, Baoquan Chen","Peizhuo Li","http://arxiv.org/abs/2105.02451",87,"2021-05-06"
"Neural Compression","2009.08459","Likelihood-free inference with neural compression of DES SV weak lensing map statistics","Niall Jeffrey, Justin Alsing, François Lanusse","Niall Jeffrey","http://arxiv.org/abs/2009.08459",85,"2020-09-17"
"Neural Compression","2109.02869","The Sensory Neuron as a Transformer: Permutation-Invariant Neural Networks for Reinforcement Learning","Yujin Tang, David Ha","Yujin Tang","http://arxiv.org/abs/2109.02869",84,"2021-09-07"
"Neural Compression","2011.11911","Generalization techniques of neural networks for fluid flow estimation","Masaki Morimoto, Kai Fukami, Kai Zhang, Koji Fukagata","Masaki Morimoto","http://arxiv.org/abs/2011.11911",84,"2020-11-24"
"Neural Compression","2110.14633","Similarity and Matching of Neural Network Representations","Adrián Csiszárik, Péter Kőrösi-Szabó, Ákos K. Matszangosz, Gergely Papp, Dániel Varga","Adrián Csiszárik","http://arxiv.org/abs/2110.14633",83,"2021-10-27"
"Neural Compression","2007.04965","A Study on Encodings for Neural Architecture Search","Colin White, Willie Neiswanger, Sam Nolen, Yash Savani","Colin White","http://arxiv.org/abs/2007.04965",82,"2020-07-09"
"Neural Compression","2307.01944","Text + Sketch: Image Compression at Ultra Low Rates","Eric Lei, Yiğit Berkay Uslu, Hamed Hassani, Shirin Saeedi Bidokhti","Eric Lei","http://arxiv.org/abs/2307.01944",80,"2023-07-04"
"Neural Compression","2102.04373","Partition-based formulations for mixed-integer optimization of trained ReLU neural networks","Calvin Tsay, Jan Kronqvist, Alexander Thebelt, Ruth Misener","Calvin Tsay","http://arxiv.org/abs/2102.04373",80,"2021-02-08"
"Neural Compression","2003.10184","Learning Better Lossless Compression Using Lossy Compression","Fabian Mentzer, Luc Van Gool, Michael Tschannen","Fabian Mentzer","http://arxiv.org/abs/2003.10184",80,"2020-03-23"
"Neural Compression","2502.01654","Predicting concentration levels of air pollutants by transfer learning and recurrent neural network","Iat Hang Fong, Tengyue Li, Simon Fong, Raymond K. Wong, Antonio J. Tallón-Ballesteros","Iat Hang Fong","http://arxiv.org/abs/2502.01654",78,"2025-01-30"
"Neural Compression","2108.11898","Supervised Compression for Resource-Constrained Edge Computing Systems","Yoshitomo Matsubara, Ruihan Yang, Marco Levorato, Stephan Mandt","Yoshitomo Matsubara","http://arxiv.org/abs/2108.11898",78,"2021-08-21"
"Neural Compression","2103.15726","Slimmable Compressive Autoencoders for Practical Neural Image Compression","Fei Yang, Luis Herranz, Yongmei Cheng, Mikhail G. Mozerov","Fei Yang","http://arxiv.org/abs/2103.15726",78,"2021-03-29"
"Neural Compression","2101.06341","Advances In Video Compression System Using Deep Neural Network: A Review And Case Studies","Dandan Ding, Zhan Ma, Di Chen, Qingshuang Chen, Zoe Liu, Fengqing Zhu","Dandan Ding","http://arxiv.org/abs/2101.06341",77,"2021-01-16"
"Neural Compression","2110.12764","Contrastive Learning for Neural Topic Model","Thong Nguyen, Anh Tuan Luu","Thong Nguyen","http://arxiv.org/abs/2110.12764",77,"2021-10-25"
"Neural Compression","2102.03147","Learning Conjoint Attentions for Graph Neural Nets","Tiantian He, Yew-Soon Ong, Lu Bai","Tiantian He","http://arxiv.org/abs/2102.03147",76,"2021-02-05"
"Neural Compression","2205.11141","OPQ: Compressing Deep Neural Networks with One-shot Pruning-Quantization","Peng Hu, Xi Peng, Hongyuan Zhu, Mohamed M. Sabry Aly, Jie Lin","Peng Hu","http://arxiv.org/abs/2205.11141",75,"2022-05-23"
"Neural Compression","2203.04963","Neural Data-Dependent Transform for Learned Image Compression","Dezhao Wang, Wenhan Yang, Yueyu Hu, Jiaying Liu","Dezhao Wang","http://arxiv.org/abs/2203.04963",74,"2022-03-09"
"Neural Compression","2307.15421","MLIC++: Linear Complexity Multi-Reference Entropy Modeling for Learned Image Compression","Wei Jiang, Jiayu Yang, Yongqi Zhai, Feng Gao, Ronggang Wang","Wei Jiang","http://arxiv.org/abs/2307.15421",72,"2023-07-28"
"Neural Compression","2402.05964","A Survey on Transformer Compression","Yehui Tang, Yunhe Wang, Jianyuan Guo, Zhijun Tu, Kai Han, Hailin Hu, Dacheng Tao","Yehui Tang","http://arxiv.org/abs/2402.05964",71,"2024-02-05"
"Neural Compression","2011.06220","Artificial Neural Variability for Deep Learning: On Overfitting, Noise Memorization, and Catastrophic Forgetting","Zeke Xie, Fengxiang He, Shaopeng Fu, Issei Sato, Dacheng Tao, Masashi Sugiyama","Zeke Xie","http://arxiv.org/abs/2011.06220",69,"2020-11-12"
"Neural Compression","2110.04840","Heavy Ball Neural Ordinary Differential Equations","Hedi Xia, Vai Suliafu, Hangjie Ji, Tan M. Nguyen, Andrea L. Bertozzi, Stanley J. Osher, Bao Wang","Hedi Xia","http://arxiv.org/abs/2110.04840",69,"2021-10-10"
"Neural Compression","2301.13694","Are Defenses for Graph Neural Networks Robust?","Felix Mujkanovic, Simon Geisler, Stephan Günnemann, Aleksandar Bojchevski","Felix Mujkanovic","http://arxiv.org/abs/2301.13694",69,"2023-01-31"
"Neural Compression","2112.11312","Implicit Neural Video Compression","Yunfan Zhang, Ties van Rozendaal, Johann Brehmer, Markus Nagel, Taco Cohen","Yunfan Zhang","http://arxiv.org/abs/2112.11312",68,"2021-12-21"
"Neural Compression","2312.02753","C3: High-performance and low-complexity neural compression from a single image or video","Hyunjik Kim, Matthias Bauer, Lucas Theis, Jonathan Richard Schwarz, Emilien Dupont","Hyunjik Kim","http://arxiv.org/abs/2312.02753",66,"2023-12-05"
"Neural Compression","2406.07520","Neural Gaffer: Relighting Any Object via Diffusion","Haian Jin, Yuan Li, Fujun Luan, Yuanbo Xiangli, Sai Bi, Kai Zhang, Zexiang Xu, Jin Sun, Noah Snavely","Haian Jin","http://arxiv.org/abs/2406.07520",65,"2024-06-11"
"Neural Compression","2212.04386","Multi-View Mesh Reconstruction with Neural Deferred Shading","Markus Worchel, Rodrigo Diaz, Weiwen Hu, Oliver Schreer, Ingo Feldmann, Peter Eisert","Markus Worchel","http://arxiv.org/abs/2212.04386",64,"2022-12-08"
"Neural Compression","2112.09300","Towards End-to-End Image Compression and Analysis with Transformers","Yuanchao Bai, Xu Yang, Xianming Liu, Junjun Jiang, Yaowei Wang, Xiangyang Ji, Wen Gao","Yuanchao Bai","http://arxiv.org/abs/2112.09300",63,"2021-12-17"
"Neural Compression","2112.03968","Learning Theory Can (Sometimes) Explain Generalisation in Graph Neural Networks","Pascal Mattia Esser, Leena Chennuru Vankadara, Debarghya Ghoshdastidar","Pascal Mattia Esser","http://arxiv.org/abs/2112.03968",63,"2021-12-07"
"Neural Compression","2003.09671","On Information Plane Analyses of Neural Network Classifiers -- A Review","Bernhard C. Geiger","Bernhard C. Geiger","http://arxiv.org/abs/2003.09671",62,"2020-03-21"
"Neural Compression","2004.11293","Intermittent Inference with Nonuniformly Compressed Multi-Exit Neural Network for Energy Harvesting Powered Devices","Yawen Wu, Zhepeng Wang, Zhenge Jia, Yiyu Shi, Jingtong Hu","Yawen Wu","http://arxiv.org/abs/2004.11293",62,"2020-04-23"
"Neural Compression","2506.22084","Transformers are Graph Neural Networks","Chaitanya K. Joshi","Chaitanya K. Joshi","http://arxiv.org/abs/2506.22084",60,"2025-06-27"
"Neural Compression","2312.17199","Tractable Function-Space Variational Inference in Bayesian Neural Networks","Tim G. J. Rudner, Zonghao Chen, Yee Whye Teh, Yarin Gal","Tim G. J. Rudner","http://arxiv.org/abs/2312.17199",58,"2023-12-28"
"Neural Compression","2209.14733","Hyper-Representations as Generative Models: Sampling Unseen Neural Network Weights","Konstantin Schürholt, Boris Knyazev, Xavier Giró-i-Nieto, Damian Borth","Konstantin Schürholt","http://arxiv.org/abs/2209.14733",58,"2022-09-29"
"Neural Compression","2205.07848","Power and limitations of single-qubit native quantum neural networks","Zhan Yu, Hongshun Yao, Mujin Li, Xin Wang","Zhan Yu","http://arxiv.org/abs/2205.07848",57,"2022-05-16"
"Neural Compression","2006.02361","Optimizing Neural Networks via Koopman Operator Theory","Akshunna S. Dogra, William T Redman","Akshunna S. Dogra","http://arxiv.org/abs/2006.02361",56,"2020-06-03"
"Neural Compression","2012.00307","Edge Deep Learning for Neural Implants","Xilin Liu, Andrew G. Richardson","Xilin Liu","http://arxiv.org/abs/2012.00307",56,"2020-12-01"
"Neural Compression","2105.01683","A reconfigurable neural network ASIC for detector front-end data compression at the HL-LHC","Giuseppe Di Guglielmo, Farah Fahim, Christian Herwig, Manuel Blanco Valentin, Javier Duarte, Cristian Gingu, Philip Harris, James Hirschauer, Martin Kwok, Vladimir Loncar, Yingyi Luo, Llovizna Miranda, Jennifer Ngadiuba, Daniel Noonan, Seda Ogrenci-Memik, Maurizio Pierini, Sioni Summers, Nhan Tran","Giuseppe Di Guglielmo","http://arxiv.org/abs/2105.01683",56,"2021-05-04"
"Neural Compression","2107.11442","Compressing Neural Networks: Towards Determining the Optimal Layer-wise Decomposition","Lucas Liebenwein, Alaa Maalouf, Oren Gal, Dan Feldman, Daniela Rus","Lucas Liebenwein","http://arxiv.org/abs/2107.11442",54,"2021-07-23"
"Neural Compression","2502.20762","Towards Practical Real-Time Neural Video Compression","Zhaoyang Jia, Bin Li, Jiahao Li, Wenxuan Xie, Linfeng Qi, Houqiang Li, Yan Lu","Zhaoyang Jia","http://arxiv.org/abs/2502.20762",54,"2025-02-28"
"Neural Compression","2206.03865","Fault-Aware Neural Code Rankers","Jeevana Priya Inala, Chenglong Wang, Mei Yang, Andres Codas, Mark Encarnación, Shuvendu K Lahiri, Madanlal Musuvathi, Jianfeng Gao","Jeevana Priya Inala","http://arxiv.org/abs/2206.03865",54,"2022-06-04"
"Neural Compression","2210.08772","Signal Processing for Implicit Neural Representations","Dejia Xu, Peihao Wang, Yifan Jiang, Zhiwen Fan, Zhangyang Wang","Dejia Xu","http://arxiv.org/abs/2210.08772",53,"2022-10-17"
"Neural Compression","2105.06002","Lightweight compression of neural network feature tensors for collaborative intelligence","Robert A. Cohen, Hyomin Choi, Ivan V. Bajić","Robert A. Cohen","http://arxiv.org/abs/2105.06002",53,"2021-05-12"
"Neural Compression","2304.13445","Neural-PBIR Reconstruction of Shape, Material, and Illumination","Cheng Sun, Guangyan Cai, Zhengqin Li, Kai Yan, Cheng Zhang, Carl Marshall, Jia-Bin Huang, Shuang Zhao, Zhao Dong","Cheng Sun","http://arxiv.org/abs/2304.13445",53,"2023-04-26"
"Neural Compression","2006.15938","Hybrid Tensor Decomposition in Neural Network Compression","Bijiao Wu, Dingheng Wang, Guangshe Zhao, Lei Deng, Guoqi Li","Bijiao Wu","http://arxiv.org/abs/2006.15938",52,"2020-06-29"
"Neural Compression","2112.06643","On the Dynamics of Hopfield Neural Networks on Unit Quaternions","Marcos Eduardo Valle, Fidelis Zanetti de Castro","Marcos Eduardo Valle","http://arxiv.org/abs/2112.06643",51,"2021-12-13"
"Neural Compression","2003.09696","PyCARL: A PyNN Interface for Hardware-Software Co-Simulation of Spiking Neural Network","Adarsha Balaji, Prathyusha Adiraju, Hirak J. Kashyap, Anup Das, Jeffrey L. Krichmar, Nikil D. Dutt, Francky Catthoor","Adarsha Balaji","http://arxiv.org/abs/2003.09696",51,"2020-03-21"
"Neural Compression","2106.03795","Heavy Tails in SGD and Compressibility of Overparametrized Neural Networks","Melih Barsbey, Milad Sefidgaran, Murat A. Erdogdu, Gaël Richard, Umut Şimşekli","Melih Barsbey","http://arxiv.org/abs/2106.03795",51,"2021-06-07"
"Neural Compression","2102.09270","On the advantages of stochastic encoders","Lucas Theis, Eirikur Agustsson","Lucas Theis","http://arxiv.org/abs/2102.09270",51,"2021-02-18"
"Neural Compression","2104.07930","Conditional Coding for Flexible Learned Video Compression","Théo Ladune, Pierrick Philippe, Wassim Hamidouche, Lu Zhang, Olivier Déforges","Théo Ladune","http://arxiv.org/abs/2104.07930",50,"2021-04-16"
"Neural Compression","2010.10090","Knowledge Distillation in Wide Neural Networks: Risk Bound, Data Efficiency and Imperfect Teacher","Guangda Ji, Zhanxing Zhu","Guangda Ji","http://arxiv.org/abs/2010.10090",50,"2020-10-20"
"Neural Compression","2008.02956","Bootstrapping Neural Processes","Juho Lee, Yoonho Lee, Jungtaek Kim, Eunho Yang, Sung Ju Hwang, Yee Whye Teh","Juho Lee","http://arxiv.org/abs/2008.02956",50,"2020-08-07"
"Video Codec","2109.15047","Deep Contextual Video Compression","Jiahao Li, Bin Li, Yan Lu","Jiahao Li","http://arxiv.org/abs/2109.15047",404,"2021-09-30"
"Video Codec","2110.13903","NeRV: Neural Representations for Videos","Hao Chen, Bo He, Hanyu Wang, Yixuan Ren, Ser-Nam Lim, Abhinav Shrivastava","Hao Chen","http://arxiv.org/abs/2110.13903",349,"2021-10-26"
"Video Codec","2204.07790","Wireless Semantic Communications for Video Conferencing","Peiwen Jiang, Chao-Kai Wen, Shi Jin, Geoffrey Ye Li","Peiwen Jiang","http://arxiv.org/abs/2204.07790",244,"2022-04-16"
"Video Codec","2312.17432","Video Understanding with Large Language Models: A Survey","Yolo Y. Tang, Jing Bi, Siting Xu, Luchuan Song, Susan Liang, Teng Wang, Daoan Zhang, Jie An, Jingyang Lin, Rongyi Zhu, Ali Vosoughi, Chao Huang, Zeliang Zhang, Pinxin Liu, Mingqian Feng, Feng Zheng, Jianguo Zhang, Ping Luo, Jiebo Luo, Chenliang Xu","Yolo Y. Tang","http://arxiv.org/abs/2312.17432",198,"2023-12-29"
"Video Codec","2111.13034","DeepWiVe: Deep-Learning-Aided Wireless Video Transmission","Tze-Yang Tung, Deniz Gündüz","Tze-Yang Tung","http://arxiv.org/abs/2111.13034",185,"2021-11-25"
"Video Codec","2003.13552","BVI-DVC: A Training Database for Deep Video Compression","Di Ma, Fan Zhang, David R. Bull","Di Ma","http://arxiv.org/abs/2003.13552",185,"2020-03-30"
"Video Codec","2003.11282","Content Adaptive and Error Propagation Aware Deep Video Compression","Guo Lu, Chunlei Cai, Xiaoyun Zhang, Li Chen, Wanli Ouyang, Dong Xu, Zhiyong Gao","Guo Lu","http://arxiv.org/abs/2003.11282",166,"2020-03-25"
"Video Codec","2402.03413","Perceptual Video Quality Assessment: A Survey","Xiongkuo Min, Huiyu Duan, Wei Sun, Yucheng Zhu, Guangtao Zhai","Xiongkuo Min","http://arxiv.org/abs/2402.03413",163,"2024-02-05"
"Video Codec","2402.17414","Neural Video Compression with Feature Modulation","Jiahao Li, Bin Li, Yan Lu","Jiahao Li","http://arxiv.org/abs/2402.17414",153,"2024-02-27"
"Video Codec","2408.16532","WavTokenizer: an Efficient Acoustic Discrete Codec Tokenizer for Audio Language Modeling","Shengpeng Ji, Ziyue Jiang, Wen Wang, Yifu Chen, Minghui Fang, Jialong Zuo, Qian Yang, Xize Cheng, Zehan Wang, Ruiqi Li, Ziang Zhang, Xiaoda Yang, Rongjie Huang, Yidi Jiang, Qian Chen, Siqi Zheng, Zhou Zhao","Shengpeng Ji","http://arxiv.org/abs/2408.16532",138,"2024-08-29"
"Video Codec","2206.07307","VCT: A Video Compression Transformer","Fabian Mentzer, George Toderici, David Minnen, Sung-Jin Hwang, Sergi Caelles, Mario Lucic, Eirikur Agustsson","Fabian Mentzer","http://arxiv.org/abs/2206.07307",133,"2022-06-15"
"Video Codec","2104.14335","ELF-VC: Efficient Learned Flexible-Rate Video Coding","Oren Rippel, Alexander G. Anderson, Kedar Tatwawadi, Sanjay Nair, Craig Lytle, Lubomir Bourdev","Oren Rippel","http://arxiv.org/abs/2104.14335",132,"2021-04-29"
"Video Codec","2304.05112","Video Event Restoration Based on Keyframes for Video Anomaly Detection","Zhiwei Yang, Jing Liu, Zhaoyang Wu, Peng Wu, Xiaotao Liu","Zhiwei Yang","http://arxiv.org/abs/2304.05112",108,"2023-04-11"
"Video Codec","2101.04822","Plug-and-Play Algorithms for Video Snapshot Compressive Imaging","Xin Yuan, Yang Liu, Jinli Suo, Frédo Durand, Qionghai Dai","Xin Yuan","http://arxiv.org/abs/2101.04822",99,"2021-01-13"
"Video Codec","2207.05315","CANF-VC: Conditional Augmented Normalizing Flows for Video Compression","Yung-Han Ho, Chih-Peng Chang, Peng-Yu Chen, Alessandro Gnutti, Wen-Hsiao Peng","Yung-Han Ho","http://arxiv.org/abs/2207.05315",88,"2022-07-12"
"Video Codec","2008.09180","Conditional Entropy Coding for Efficient Video Compression","Jerry Liu, Shenlong Wang, Wei-Chiu Ma, Meet Shah, Rui Hu, Pranaab Dhawan, Raquel Urtasun","Jerry Liu","http://arxiv.org/abs/2008.09180",78,"2020-08-20"
"Video Codec","2104.14868","On the Computation of PSNR for a Set of Images or Video","Onur Keleş, M. Akın Yılmaz, A. Murat Tekalp, Cansu Korkmaz, Zafer Dogan","Onur Keleş","http://arxiv.org/abs/2104.14868",72,"2021-04-30"
"Video Codec","2212.05458","COOL-CHIC: Coordinate-based Low Complexity Hierarchical Image Codec","Théo Ladune, Pierrick Philippe, Félix Henry, Gordon Clare, Thomas Leguay","Théo Ladune","http://arxiv.org/abs/2212.05458",70,"2022-12-11"
"Video Codec","2104.02322","Efficient Video Compression via Content-Adaptive Super-Resolution","Mehrdad Khani, Vibhaalakshmi Sivaraman, Mohammad Alizadeh","Mehrdad Khani","http://arxiv.org/abs/2104.02322",63,"2021-04-06"
"Video Codec","2112.09529","End-to-End Rate-Distortion Optimized Learned Hierarchical Bi-Directional Video Compression","M. Akın Yılmaz, A. Murat Tekalp","M. Akın Yılmaz","http://arxiv.org/abs/2112.09529",63,"2021-12-17"
"Video Codec","2007.02375","Auto-captions on GIF: A Large-scale Video-sentence Dataset for Vision-language Pre-training","Yingwei Pan, Yehao Li, Jianjie Luo, Jun Xu, Ting Yao, Tao Mei","Yingwei Pan","http://arxiv.org/abs/2007.02375",61,"2020-07-05"
"Video Codec","2405.20279","CV-VAE: A Compatible Video VAE for Latent Generative Video Models","Sijie Zhao, Yong Zhang, Xiaodong Cun, Shaoshu Yang, Muyao Niu, Xiaoyu Li, Wenbo Hu, Ying Shan","Sijie Zhao","http://arxiv.org/abs/2405.20279",55,"2024-05-30"
"Video Codec","2104.00531","Extending Neural P-frame Codecs for B-frame Coding","Reza Pourreza, Taco S Cohen","Reza Pourreza","http://arxiv.org/abs/2104.00531",52,"2021-03-30"
"Video Quality","2210.02303","Imagen Video: High Definition Video Generation with Diffusion Models","Jonathan Ho, William Chan, Chitwan Saharia, Jay Whang, Ruiqi Gao, Alexey Gritsenko, Diederik P. Kingma, Ben Poole, Mohammad Norouzi, David J. Fleet, Tim Salimans","Jonathan Ho","http://arxiv.org/abs/2210.02303",1924,"2022-10-05"
"Video Quality","2306.02858","Video-LLaMA: An Instruction-tuned Audio-Visual Language Model for Video Understanding","Hang Zhang, Xin Li, Lidong Bing","Hang Zhang","http://arxiv.org/abs/2306.02858",1588,"2023-06-05"
"Video Quality","2405.21075","Video-MME: The First-Ever Comprehensive Evaluation Benchmark of Multi-modal LLMs in Video Analysis","Chaoyou Fu, Yuhan Dai, Yongdong Luo, Lei Li, Shuhuai Ren, Renrui Zhang, Zihan Wang, Chenyu Zhou, Yunhang Shen, Mengdan Zhang, Peixian Chen, Yanwei Li, Shaohui Lin, Sirui Zhao, Ke Li, Tong Xu, Xiawu Zheng, Enhong Chen, Caifeng Shan, Ran He, Xing Sun","Chaoyou Fu","http://arxiv.org/abs/2405.21075",966,"2024-05-31"
"Video Quality","2308.06571","ModelScope Text-to-Video Technical Report","Jiuniu Wang, Hangjie Yuan, Dayou Chen, Yingya Zhang, Xiang Wang, Shiwei Zhang","Jiuniu Wang","http://arxiv.org/abs/2308.06571",644,"2023-08-12"
"Video Quality","2401.09047","VideoCrafter2: Overcoming Data Limitations for High-Quality Video Diffusion Models","Haoxin Chen, Yong Zhang, Xiaodong Cun, Menghan Xia, Xintao Wang, Chao Weng, Ying Shan","Haoxin Chen","http://arxiv.org/abs/2401.09047",535,"2024-01-17"
"Video Quality","2310.19512","VideoCrafter1: Open Diffusion Models for High-Quality Video Generation","Haoxin Chen, Menghan Xia, Yingqing He, Yong Zhang, Xiaodong Cun, Shaoshu Yang, Jinbo Xing, Yaofang Liu, Qifeng Chen, Xintao Wang, Chao Weng, Ying Shan","Haoxin Chen","http://arxiv.org/abs/2310.19512",505,"2023-10-30"
"Video Quality","2303.08320","VideoFusion: Decomposed Diffusion Models for High-Quality Video Generation","Zhengxiong Luo, Dayou Chen, Yingya Zhang, Yan Huang, Liang Wang, Yujun Shen, Deli Zhao, Jingren Zhou, Tieniu Tan","Zhengxiong Luo","http://arxiv.org/abs/2303.08320",401,"2023-03-15"
"Video Quality","2004.15021","Consistent Video Depth Estimation","Xuan Luo, Jia-Bin Huang, Richard Szeliski, Kevin Matzen, Johannes Kopf","Xuan Luo","http://arxiv.org/abs/2004.15021",396,"2020-04-30"
"Video Quality","2201.12288","VRT: A Video Restoration Transformer","Jingyun Liang, Jiezhang Cao, Yuchen Fan, Kai Zhang, Rakesh Ranjan, Yawei Li, Radu Timofte, Luc Van Gool","Jingyun Liang","http://arxiv.org/abs/2201.12288",359,"2022-01-28"
"Video Quality","2112.14683","StyleGAN-V: A Continuous Video Generator with the Price, Image Quality and Perks of StyleGAN2","Ivan Skorokhodov, Sergey Tulyakov, Mohamed Elhoseiny","Ivan Skorokhodov","http://arxiv.org/abs/2112.14683",358,"2021-12-29"
"Video Quality","2211.04894","Exploring Video Quality Assessment on User Generated Contents from Aesthetic and Technical Perspectives","Haoning Wu, Erli Zhang, Liang Liao, Chaofeng Chen, Jingwen Hou, Annan Wang, Wenxiu Sun, Qiong Yan, Weisi Lin","Haoning Wu","http://arxiv.org/abs/2211.04894",341,"2022-11-09"
"Video Quality","2309.15103","LAVIE: High-Quality Video Generation with Cascaded Latent Diffusion Models","Yaohui Wang, Xinyuan Chen, Xin Ma, Shangchen Zhou, Ziqi Huang, Yi Wang, Ceyuan Yang, Yinan He, Jiashuo Yu, Peiqing Yang, Yuwei Guo, Tianxing Wu, Chenyang Si, Yuming Jiang, Cunjian Chen, Chen Change Loy, Bo Dai, Dahua Lin, Yu Qiao, Ziwei Liu","Yaohui Wang","http://arxiv.org/abs/2309.15103",337,"2023-09-26"
"Video Quality","2410.02713","LLaVA-Video: Video Instruction Tuning With Synthetic Data","Yuanhan Zhang, Jinming Wu, Wei Li, Bo Li, Zejun Ma, Ziwei Liu, Chunyuan Li","Yuanhan Zhang","http://arxiv.org/abs/2410.02713",330,"2024-10-03"
"Video Quality","2005.14354","UGC-VQA: Benchmarking Blind Video Quality Assessment for User Generated Content","Zhengzhong Tu, Yilin Wang, Neil Birkbeck, Balu Adsumilli, Alan C. Bovik","Zhengzhong Tu","http://arxiv.org/abs/2005.14354",325,"2020-05-29"
"Video Quality","2207.02595","FAST-VQA: Efficient End-to-end Video Quality Assessment with Fragment Sampling","Haoning Wu, Chaofeng Chen, Jingwen Hou, Liang Liao, Annan Wang, Wenxiu Sun, Qiong Yan, Weisi Lin","Haoning Wu","http://arxiv.org/abs/2207.02595",285,"2022-07-06"
"Video Quality","2204.14047","A Deep Learning based No-reference Quality Assessment Model for UGC Videos","Wei Sun, Xiongkuo Min, Wei Lu, Guangtao Zhai","Wei Sun","http://arxiv.org/abs/2204.14047",252,"2022-04-29"
"Video Quality","2112.01554","Neural Head Avatars from Monocular RGB Videos","Philip-William Grassal, Malte Prinzler, Titus Leistner, Carsten Rother, Matthias Nießner, Justus Thies","Philip-William Grassal","http://arxiv.org/abs/2112.01554",251,"2021-12-02"
"Video Quality","2003.01966","Learning for Video Compression with Hierarchical Quality and Recurrent Enhancement","Ren Yang, Fabian Mentzer, Luc Van Gool, Radu Timofte","Ren Yang","http://arxiv.org/abs/2003.01966",235,"2020-03-04"
"Video Quality","2011.13544","Patch-VQ: 'Patching Up' the Video Quality Problem","Zhenqiang Ying, Maniratnam Mandal, Deepti Ghadiyaram, Alan Bovik","Zhenqiang Ying","http://arxiv.org/abs/2011.13544",232,"2020-11-27"
"Video Quality","2209.06243","CometKiwi: IST-Unbabel 2022 Submission for the Quality Estimation Shared Task","Ricardo Rei, Marcos Treviso, Nuno M. Guerreiro, Chrysoula Zerva, Ana C. Farinha, Christine Maroti, José G. C. de Souza, Taisiya Glushkova, Duarte M. Alves, Alon Lavie, Luisa Coheur, André F. T. Martins","Ricardo Rei","http://arxiv.org/abs/2209.06243",221,"2022-09-13"
"Video Quality","2407.02371","OpenVid-1M: A Large-Scale High-Quality Dataset for Text-to-video Generation","Kepan Nan, Rui Xie, Penghao Zhou, Tiehan Fan, Zhenheng Yang, Zhijie Chen, Xiang Li, Jian Yang, Ying Tai","Kepan Nan","http://arxiv.org/abs/2407.02371",219,"2024-07-02"
"Video Quality","2101.10955","RAPIQUE: Rapid and Accurate Video Quality Prediction of User Generated Content","Zhengzhong Tu, Xiangxu Yu, Yilin Wang, Neil Birkbeck, Balu Adsumilli, Alan C. Bovik","Zhengzhong Tu","http://arxiv.org/abs/2101.10955",207,"2021-01-26"
"Video Quality","2012.02512","ID-Reveal: Identity-aware DeepFake Video Detection","Davide Cozzolino, Andreas Rössler, Justus Thies, Matthias Nießner, Luisa Verdoliva","Davide Cozzolino","http://arxiv.org/abs/2012.02512",207,"2020-12-04"
"Video Quality","2108.08505","Blindly Assess Quality of In-the-Wild Videos via Quality-aware Pre-training and Motion Perception","Bowen Li, Weixia Zhang, Meng Tian, Guangtao Zhai, Xianpei Wang","Bowen Li","http://arxiv.org/abs/2108.08505",169,"2021-08-19"
"Video Quality","2406.19680","MimicMotion: High-Quality Human Motion Video Generation with Confidence-aware Pose Guidance","Yuang Zhang, Jiaxi Gu, Li-Wen Wang, Han Wang, Junqi Cheng, Yuefeng Zhu, Fangyuan Zou","Yuang Zhang","http://arxiv.org/abs/2406.19680",169,"2024-06-28"
"Video Quality","2403.14773","StreamingT2V: Consistent, Dynamic, and Extendable Long Video Generation from Text","Roberto Henschel, Levon Khachatryan, Hayk Poghosyan, Daniil Hayrapetyan, Vahram Tadevosyan, Zhangyang Wang, Shant Navasardyan, Humphrey Shi","Roberto Henschel","http://arxiv.org/abs/2403.14773",169,"2024-03-21"
"Video Quality","2012.05258","ViP-DeepLab: Learning Visual Perception with Depth-aware Video Panoptic Segmentation","Siyuan Qiao, Yukun Zhu, Hartwig Adam, Alan Yuille, Liang-Chieh Chen","Siyuan Qiao","http://arxiv.org/abs/2012.05258",167,"2020-12-09"
"Video Quality","2205.03409","VFHQ: A High-Quality Dataset and Benchmark for Video Face Super-Resolution","Liangbin Xie. Xintao Wang, Honglun Zhang, Chao Dong, Ying Shan","Liangbin Xie. Xintao Wang","http://arxiv.org/abs/2205.03409",164,"2022-05-06"
"Video Quality","2211.14758","VideoReTalking: Audio-based Lip Synchronization for Talking Head Video Editing In the Wild","Kun Cheng, Xiaodong Cun, Yong Zhang, Menghan Xia, Fei Yin, Mingrui Zhu, Xuan Wang, Jue Wang, Nannan Wang","Kun Cheng","http://arxiv.org/abs/2211.14758",151,"2022-11-27"
"Video Quality","2011.04263","Unified Quality Assessment of In-the-Wild Videos with Mixed Datasets Training","Dingquan Li, Tingting Jiang, Ming Jiang","Dingquan Li","http://arxiv.org/abs/2011.04263",150,"2020-11-09"
"Video Quality","2011.02250","Video Generative Adversarial Networks: A Review","Nuha Aldausari, Arcot Sowmya, Nadine Marcus, Gelareh Mohammadi","Nuha Aldausari","http://arxiv.org/abs/2011.02250",149,"2020-11-04"
"Video Quality","2006.10704","Latent Video Transformer","Ruslan Rakhimov, Denis Volkhonskiy, Alexey Artemov, Denis Zorin, Evgeny Burnaev","Ruslan Rakhimov","http://arxiv.org/abs/2006.10704",133,"2020-06-18"
"Video Quality","2306.00943","Make-Your-Video: Customized Video Generation Using Textual and Structural Guidance","Jinbo Xing, Menghan Xia, Yuxin Liu, Yuechen Zhang, Yong Zhang, Yingqing He, Hanyuan Liu, Haoxin Chen, Xiaodong Cun, Xintao Wang, Ying Shan, Tien-Tsin Wong","Jinbo Xing","http://arxiv.org/abs/2306.00943",131,"2023-06-01"
"Video Quality","2010.11838","Blind Video Temporal Consistency via Deep Video Prior","Chenyang Lei, Yazhou Xing, Qifeng Chen","Chenyang Lei","http://arxiv.org/abs/2010.11838",124,"2020-10-22"
"Video Quality","2312.06640","Upscale-A-Video: Temporal-Consistent Diffusion Model for Real-World Video Super-Resolution","Shangchen Zhou, Peiqing Yang, Jianyi Wang, Yihang Luo, Chen Change Loy","Shangchen Zhou","http://arxiv.org/abs/2312.06640",122,"2023-12-11"
"Video Quality","2106.04185","LipSync3D: Data-Efficient Learning of Personalized 3D Talking Faces from Video using Pose and Lighting Normalization","Avisek Lahiri, Vivek Kwatra, Christian Frueh, John Lewis, Chris Bregler","Avisek Lahiri","http://arxiv.org/abs/2106.04185",113,"2021-06-08"
"Video Quality","2303.09508","LDMVFI: Video Frame Interpolation with Latent Diffusion Models","Duolikun Danier, Fan Zhang, David Bull","Duolikun Danier","http://arxiv.org/abs/2303.09508",103,"2023-03-16"
"Video Quality","2012.13936","Learning Generalized Spatial-Temporal Deep Feature Representation for No-Reference Video Quality Assessment","Baoliang Chen, Lingyu Zhu, Guo Li, Hongfei Fan, Shiqi Wang","Baoliang Chen","http://arxiv.org/abs/2012.13936",102,"2020-12-27"
"Video Quality","2311.16103","Video-Bench: A Comprehensive Benchmark and Toolkit for Evaluating Video-based Large Language Models","Munan Ning, Bin Zhu, Yujia Xie, Bin Lin, Jiaxi Cui, Lu Yuan, Dongdong Chen, Li Yuan","Munan Ning","http://arxiv.org/abs/2311.16103",96,"2023-11-27"
"Video Quality","2206.10810","A Simple Baseline for Video Restoration with Grouped Spatial-temporal Shift","Dasong Li, Xiaoyu Shi, Yi Zhang, Ka Chun Cheung, Simon See, Xiaogang Wang, Hongwei Qin, Hongsheng Li","Dasong Li","http://arxiv.org/abs/2206.10810",94,"2022-06-22"
"Video Quality","2412.15322","MMAudio: Taming Multimodal Joint Training for High-Quality Video-to-Audio Synthesis","Ho Kei Cheng, Masato Ishii, Akio Hayakawa, Takashi Shibuya, Alexander Schwing, Yuki Mitsufuji","Ho Kei Cheng","http://arxiv.org/abs/2412.15322",84,"2024-12-19"
"Video Quality","2008.04687","SENSEI: Aligning Video Streaming Quality with Dynamic User Sensitivity","Xu Zhang, Yiyang Ou, Siddhartha Sen, Junchen Jiang","Xu Zhang","http://arxiv.org/abs/2008.04687",74,"2020-08-11"
"Video Quality","2210.05357","Neighbourhood Representative Sampling for Efficient End-to-end Video Quality Assessment","Haoning Wu, Chaofeng Chen, Liang Liao, Jingwen Hou, Wenxiu Sun, Qiong Yan, Jinwei Gu, Weisi Lin","Haoning Wu","http://arxiv.org/abs/2210.05357",74,"2022-10-11"
"Video Quality","2006.14348","Audeo: Audio Generation for a Silent Performance Video","Kun Su, Xiulong Liu, Eli Shlizerman","Kun Su","http://arxiv.org/abs/2006.14348",73,"2020-06-23"
"Video Quality","2212.07592","Solve the Puzzle of Instance Segmentation in Videos: A Weakly Supervised Framework with Spatio-Temporal Collaboration","Liqi Yan, Qifan Wang, Siqi Ma, Jingang Wang, Changbin Yu","Liqi Yan","http://arxiv.org/abs/2212.07592",72,"2022-12-15"
"Video Quality","2206.09853","DisCoVQA: Temporal Distortion-Content Transformers for Video Quality Assessment","Haoning Wu, Chaofeng Chen, Liang Liao, Jingwen Hou, Wenxiu Sun, Qiong Yan, Weisi Lin","Haoning Wu","http://arxiv.org/abs/2206.09853",72,"2022-06-20"
"Video Quality","2406.07548","Image and Video Tokenization with Binary Spherical Quantization","Yue Zhao, Yuanjun Xiong, Philipp Krähenbühl","Yue Zhao","http://arxiv.org/abs/2406.07548",72,"2024-06-11"
"Video Quality","2206.05054","A No-reference Quality Assessment Metric for Point Cloud Based on Captured Video Sequences","Yu Fan, Zicheng Zhang, Wei Sun, Xiongkuo Min, Wei Lu, Tao Wang, Ning Liu, Guangtao Zhai","Yu Fan","http://arxiv.org/abs/2206.05054",69,"2022-06-09"
"Video Quality","2106.01111","Deep Learning based Full-reference and No-reference Quality Assessment Models for Compressed UGC Videos","Wei Sun, Tao Wang, Xiongkuo Min, Fuwang Yi, Guangtao Zhai","Wei Sun","http://arxiv.org/abs/2106.01111",69,"2021-06-02"
"Video Quality","2405.18750","T2V-Turbo: Breaking the Quality Bottleneck of Video Consistency Model with Mixed Reward Feedback","Jiachen Li, Weixi Feng, Tsu-Jui Fu, Xinyi Wang, Sugato Basu, Wenhu Chen, William Yang Wang","Jiachen Li","http://arxiv.org/abs/2405.18750",69,"2024-05-29"
"Video Quality","2204.04210","Dancing under the stars: video denoising in starlight","Kristina Monakhova, Stephan R. Richter, Laura Waller, Vladlen Koltun","Kristina Monakhova","http://arxiv.org/abs/2204.04210",68,"2022-04-08"
"Video Quality","2102.08192","A Survey on 360-Degree Video: Coding, Quality of Experience and Streaming","Federico Chiariotti","Federico Chiariotti","http://arxiv.org/abs/2102.08192",67,"2021-02-16"
"Video Quality","2207.07922","Learning Quality-aware Dynamic Memory for Video Object Segmentation","Yong Liu, Ran Yu, Fei Yin, Xinyuan Zhao, Wei Zhao, Weihao Xia, Yujiu Yang","Yong Liu","http://arxiv.org/abs/2207.07922",67,"2022-07-16"
"Video Quality","2410.19355","FasterCache: Training-Free Video Diffusion Model Acceleration with High Quality","Zhengyao Lv, Chenyang Si, Junhao Song, Zhenyu Yang, Yu Qiao, Ziwei Liu, Kwan-Yee K. Wong","Zhengyao Lv","http://arxiv.org/abs/2410.19355",66,"2024-10-25"
"Video Quality","2305.12726","Towards Explainable In-the-Wild Video Quality Assessment: A Database and a Language-Prompted Approach","Haoning Wu, Erli Zhang, Liang Liao, Chaofeng Chen, Jingwen Hou, Annan Wang, Wenxiu Sun, Qiong Yan, Weisi Lin","Haoning Wu","http://arxiv.org/abs/2305.12726",64,"2023-05-22"
"Video Quality","2303.14933","MD-VQA: Multi-Dimensional Quality Assessment for UGC Live Videos","Zicheng Zhang, Wei Wu, Wei Sun, Dangyang Tu, Wei Lu, Xiongkuo Min, Ying Chen, Guangtao Zhai","Zicheng Zhang","http://arxiv.org/abs/2303.14933",64,"2023-03-27"
"Video Quality","2007.11634","Subjective and Objective Quality Assessment of High Frame Rate Videos","Pavan C. Madhusudana, Xiangxu Yu, Neil Birkbeck, Yilin Wang, Balu Adsumilli, Alan C. Bovik","Pavan C. Madhusudana","http://arxiv.org/abs/2007.11634",63,"2020-07-22"
"Video Quality","2002.10651","A Comparative Evaluation of Temporal Pooling Methods for Blind Video Quality Assessment","Zhengzhong Tu, Chia-Ju Chen, Li-Heng Chen, Neil Birkbeck, Balu Adsumilli, Alan C. Bovik","Zhengzhong Tu","http://arxiv.org/abs/2002.10651",62,"2020-02-25"
"Video Quality","2009.01632","Optimal Wireless Streaming of Multi-Quality 360 VR Video by Exploiting Natural, Relative Smoothness-enabled and Transcoding-enabled Multicast Opportunities","Kaixuan Long, Ying Cui, Chencheng Ye, Zhi Liu","Kaixuan Long","http://arxiv.org/abs/2009.01632",62,"2020-09-02"
"Video Quality","2105.14678","Image-to-Video Generation via 3D Facial Dynamics","Xiaoguang Tu, Yingtian Zou, Jian Zhao, Wenjie Ai, Jian Dong, Yuan Yao, Zhikang Wang, Guodong Guo, Zhifeng Li, Wei Liu, Jiashi Feng","Xiaoguang Tu","http://arxiv.org/abs/2105.14678",58,"2021-05-31"
"Video Quality","2008.04524","Vid2Player: Controllable Video Sprites that Behave and Appear like Professional Tennis Players","Haotian Zhang, Cristobal Sciutto, Maneesh Agrawala, Kayvon Fatahalian","Haotian Zhang","http://arxiv.org/abs/2008.04524",58,"2020-08-11"
"Video Quality","2208.14085","Evaluating Point Cloud from Moving Camera Videos: A No-Reference Metric","Zicheng Zhang, Wei Sun, Yucheng Zhu, Xiongkuo Min, Wei Wu, Ying Chen, Guangtao Zhai","Zicheng Zhang","http://arxiv.org/abs/2208.14085",56,"2022-08-30"
"Video Quality","2010.13715","ST-GREED: Space-Time Generalized Entropic Differences for Frame Rate Dependent Video Quality Prediction","Pavan C. Madhusudana, Neil Birkbeck, Yilin Wang, Balu Adsumilli, Alan C. Bovik","Pavan C. Madhusudana","http://arxiv.org/abs/2010.13715",55,"2020-10-26"
"Video Quality","2404.05029","LOGO: A Long-Form Video Dataset for Group Action Quality Assessment","Shiyi Zhang, Wenxun Dai, Sujia Wang, Xiangwei Shen, Jiwen Lu, Jie Zhou, Yansong Tang","Shiyi Zhang","http://arxiv.org/abs/2404.05029",55,"2024-04-07"
"Video Quality","2510.02283","Self-Forcing++: Towards Minute-Scale High-Quality Video Generation","Justin Cui, Jie Wu, Ming Li, Tao Yang, Xiaojie Li, Rui Wang, Andrew Bai, Yuanhao Ban, Cho-Jui Hsieh","Justin Cui","http://arxiv.org/abs/2510.02283",54,"2025-10-02"
"Video Quality","2008.00499","Multi-level Wavelet-based Generative Adversarial Network for Perceptual Quality Enhancement of Compressed Video","Jianyi Wang, Xin Deng, Mai Xu, Congyong Chen, Yuhang Song","Jianyi Wang","http://arxiv.org/abs/2008.00499",53,"2020-08-02"
"Video Quality","2110.08243","Neural Dubber: Dubbing for Videos According to Scripts","Chenxu Hu, Qiao Tian, Tingle Li, Yuping Wang, Yuxuan Wang, Hang Zhao","Chenxu Hu","http://arxiv.org/abs/2110.08243",52,"2021-10-15"
"Video Quality","2007.09187","Low Light Video Enhancement using Synthetic Data Produced with an Intermediate Domain Mapping","Danai Triantafyllidou, Sean Moran, Steven McDonagh, Sarah Parisot, Gregory Slabaugh","Danai Triantafyllidou","http://arxiv.org/abs/2007.09187",50,"2020-07-17"
